Date,MSFT,AMD,AMZN,GE,AAPL,PFE,KO,WMT,COST,T,CMCSA,PEP,KO,UL,BAC,JPM,GS,MS,NOC,LMT,BA,F,LUV,SLB,NEE,MCD,SBAC,AMT,JNJ,^GSPC,^DJI,^IXIC,^NYA,^RUT,^N100,JPY=X
2017-04-03,62.161873,5.826747,42.66806,201.46925,31.137165,26.225847,35.710125,63.36704,149.2341,17.272406,29.824575,90.607666,35.710125,37.74447,16.998276,67.30785,193.69754,33.7421,197.5708,202.27187,153.70116,8.98502,49.87587,61.830257,25.209385,115.68744,118.79495,104.61156,98.995155,2318.4226,20186.156,5505.933,11406.738,1313.3057,960.623,113.8597
2017-04-04,62.315228,5.873826,43.112328,201.99911,31.320103,26.314363,35.801662,63.433292,149.40198,17.28773,29.909569,90.88839,35.801662,37.812717,17.058893,67.26093,193.85081,33.708233,197.89188,203.15623,153.56421,8.978993,50.11825,61.80792,25.234106,115.74736,118.94718,104.85753,99.19522,2318.2705,20190.4,5508.558,11402.216,1313.0992,961.98206,113.72131
2017-04-05,62.634895,5.856221,43.665512,202.727,31.094152,26.42327,35.93248,63.653824,149.76033,17.285618,29.905388,91.25031,35.93248,37.825096,17.120325,66.90286,193.38567,33.48729,197.7991,204.33655,153.31068,8.926999,50.25531,61.71027,25.327124,115.93429,119.39425,105.463974,99.40936,2318.367,20171.695,5508.9194,11409.802,1312.7424,961.09814,113.43296
2017-04-06,62.675083,5.839309,44.181915,203.14117,31.165867,26.461998,35.98376,63.701218,149.77583,17.28164,29.938437,91.34769,35.98376,37.84492,17.130592,66.58557,193.00096,33.386154,197.85112,204.80647,153.15562,8.895744,50.374435,61.740498,25.347658,116.10933,119.58419,105.61086,99.55344,2315.6558,20170.574,5506.4536,11392.634,1311.0974,961.8943,113.2856
2017-04-10,62.750668,5.7663198,44.592304,203.4845,31.247496,26.487045,36.033855,63.701195,149.93393,17.267166,29.974812,91.48309,36.033855,37.900204,17.150259,66.36737,193.1173,33.321022,197.97504,205.36101,153.05284,8.873148,50.51704,61.82889,25.380552,116.40036,119.83667,105.92871,99.708435,2317.8801,20169.664,5508.467,11400.877,1309.469,963.511,113.28458
2017-04-11,62.21788,5.8047814,45.59213,203.97318,31.44838,26.258865,35.638832,63.263798,149.14452,17.081453,29.853216,90.775475,35.638832,37.88276,16.982397,66.32462,194.9438,33.505966,196.6144,205.82486,154.2807,8.944058,50.519577,63.01355,25.514618,116.47794,122.26855,106.49918,98.785385,2338.7686,20195.94,5460.996,11388.379,1311.921,971.0871,113.74415
2017-04-12,62.22324,5.744749,45.24006,203.63652,31.211655,26.362312,35.85309,63.80768,149.77287,17.150621,29.78878,90.401405,35.85309,37.903175,16.93948,65.72117,193.77711,33.390804,197.08751,204.2458,153.36328,8.918924,50.61879,62.562046,25.361347,117.06604,121.153786,107.11145,99.51904,2323.2556,20285.941,5486.988,11450.262,1306.9215,969.01917,113.658356
2017-04-13,62.103466,5.6879234,45.073723,203.17442,31.462244,26.29129,35.94668,64.10096,149.9327,17.168964,29.837414,91.04668,35.94668,38.030884,16.895292,65.65403,193.12436,33.244675,197.30096,203.83934,153.23894,8.867432,51.042313,62.318264,25.402111,117.24141,121.343475,106.92577,99.54601,2320.3196,20229.088,5484.1475,11407.695,1309.6821,968.9566,113.42316
2017-04-18,61.69883,5.6970377,45.63831,202.8447,31.28168,26.05236,35.64231,63.92524,149.33449,17.00298,29.605394,90.7064,35.64231,37.985634,16.672188,65.40368,193.52089,33.15837,195.50792,204.53818,153.83119,8.870323,50.942066,62.979946,25.552963,116.904526,123.87107,107.42668,98.69387,2331.183,20199.225,5434.3657,11362.568,1313.6055,971.6677,113.36839
2017-04-19,61.977413,5.6290474,45.185898,202.77458,30.736425,26.172455,35.94703,64.67002,150.1577,17.08415,29.543064,90.59753,35.94703,37.98094,16.632103,64.62082,190.11308,32.840317,196.09077,203.11833,152.75763,8.8027935,50.949715,61.987007,25.48087,117.13356,122.56041,108.32438,99.34277,2316.4172,20242.182,5465.453,11401.932,1307.1525,965.93085,112.86819
2017-04-20,61.5894,5.6877947,45.540276,203.52263,30.974522,25.933123,35.5748,64.41591,149.2903,16.92901,29.455248,90.511246,35.5748,37.928036,16.431215,64.634,190.32576,32.90833,194.98474,203.26115,154.34218,8.872275,50.99967,62.465565,25.630772,116.99476,124.63568,108.14828,98.332855,2333.9219,20201.248,5423.194,11347.026,1313.4333,971.3154,113.0468
2017-04-24,61.829117,5.6544557,44.975605,204.19502,30.82454,26.072319,35.821293,65.17637,150.13966,17.054876,29.475027,90.303955,35.821293,37.90063,16.466349,64.3957,188.75267,32.866943,196.28143,201.2393,153.60252,8.888998,51.094482,61.5522,25.463097,117.52212,122.52743,108.480545,98.78603,2323.8577,20272.053,5472.342,11423.485,1310.3763,969.9768,112.9316
2017-04-25,62.433746,5.60808,44.80321,203.8343,31.12503,26.09026,35.85779,65.54167,150.58746,17.07782,29.67378,91.18716,35.85779,38.03959,16.579365,64.69586,189.50241,33.006683,197.68488,201.11444,154.28636,8.910392,51.57938,60.842945,25.50263,117.94492,122.01069,107.99992,98.67881,2333.1304,20217.52,5496.193,11438.577,1318.4135,975.0531,112.912766
2017-04-26,62.54934,5.7292085,45.550907,203.83835,31.34736,25.993088,35.494896,65.186386,150.08904,16.937658,29.660454,90.69256,35.494896,38.102535,16.528318,65.17887,192.67026,33.38246,197.09517,202.2567,156.50183,9.036322,51.78465,61.630116,25.63709,118.32994,124.1467,108.01383,97.91315,2361.9807,20259.164,5477.8945,11436.496,1327.4269,987.58875,113.45442
2017-04-27,63.06712,5.676333,45.215694,202.71921,31.253254,26.187994,35.68929,65.842514,151.1079,17.0572,29.724796,90.44881,35.68929,38.067432,16.638405,65.24432,192.46207,33.56342,198.65579,201.13486,156.09102,9.073593,51.86476,60.834763,25.492882,119.27305,122.20663,108.226906,98.5253,2345.2822,20358.646,5529.0684,11524.37,1326.04,990.2159,113.68463
2017-05-02,63.61385,5.6328516,45.302773,201.61583,31.542337,26.256298,35.71495,66.078964,151.71469,17.078749,29.96128,91.21933,35.71495,38.1469,16.753225,65.57284,192.78665,33.72959,200.09456,201.91852,156.92053,9.070613,52.083237,60.181614,25.511015,120.07224,121.78534,107.74783,98.53951,2345.621,20323.504,5550.7666,11505.029,1333.889,993.881,113.91106
2017-05-03,64.271645,5.3831615,45.769627,200.54657,31.734554,26.32803,35.763714,66.264496,152.20775,17.067533,30.114895,91.4904,35.763714,38.265385,16.845085,65.67779,192.87961,33.879234,200.87985,203.40788,157.15402,8.9964905,52.3328,59.74828,25.50889,121.06857,121.624344,107.50344,98.54526,2343.4836,20325.11,5572.677,11512.762,1338.8613,997.5969,114.17912
2017-05-04,64.70367,5.1521907,46.29745,200.0619,31.880857,26.330101,35.835724,66.43198,152.94951,17.019772,30.272997,91.77035,35.835724,38.343224,16.932772,65.979866,193.06493,34.011833,201.4826,205.0105,157.33339,8.944642,52.54829,59.450752,25.502417,122.0543,121.65556,107.207275,98.6263,2337.8098,20333.307,5584.118,11492.327,1340.3431,1000.2658,114.528015
2017-05-08,64.964584,4.9327946,46.891834,199.64467,32.031364,26.35265,35.892838,66.60166,153.66129,16.958315,30.395641,91.99977,35.892838,38.458496,17.014389,66.39425,193.13118,34.115246,202.1341,206.69035,157.89348,8.906833,52.729137,59.22112,25.518728,122.90757,121.75986,107.06232,98.73509,2335.9277,20342.178,5594.3843,11483.482,1341.0503,1004.6119,114.91057
2017-05-09,64.88441,4.8257194,48.201767,199.81433,31.98321,26.25003,35.588985,66.12816,153.24826,16.775074,30.292814,91.48715,35.588985,38.45014,16.922358,66.69415,194.34622,34.33219,200.64592,208.85321,159.285,8.958692,52.533623,60.232117,25.71356,123.747475,124.43415,107.44553,97.929886,2354.7375,20349.262,5553.6904,11470.1045,1348.5347,1013.11066,115.43989
2017-05-10,65.13846,4.7226977,48.106304,198.6781,31.879774,26.343575,35.784172,66.64925,154.01703,16.822601,30.254723,90.9856,35.784172,38.38627,16.973412,66.50551,192.69955,34.298058,201.38083,208.07265,158.94179,8.950108,52.402893,59.744312,25.527721,124.804955,122.904495,107.508,98.553444,2336.3599,20436.992,5587.1016,11540.617,1343.0005,1014.55536,115.829575
2017-05-11,65.36468,4.718792,48.17054,197.56297,32.24066,26.286415,35.862373,66.90019,154.22725,16.822485,30.389816,91.52842,35.862373,38.505997,17.051453,66.84632,192.38585,34.32189,201.80519,208.48357,159.32944,8.91347,52.61546,59.52541,25.529934,125.59823,122.94476,106.981674,98.52096,2336.2175,20374.658,5593.15,11538.706,1348.9152,1017.68304,116.27095
2017-05-15,65.541664,4.756122,48.419514,197.10503,32.086452,26.252054,36.031685,67.209595,154.59596,16.816868,30.387161,91.81555,36.031685,38.607212,17.102839,66.85371,191.63972,34.26956,201.59212,209.5892,159.08623,8.847383,52.669037,59.27651,25.544664,126.41353,123.17626,107.066895,98.588425,2331.541,20326.908,5597.855,11535.435,1352.0353,1017.1943,116.308876
2017-05-16,65.53247,4.816632,48.65884,195.54941,32.37513,26.235643,36.086937,67.43908,154.71915,16.837034,30.483465,92.03867,36.086937,38.803097,17.158884,67.09298,191.76312,34.315285,201.50137,210.29642,158.83632,8.822029,52.738697,59.287296,25.552439,127.15416,123.46763,106.936676,98.920135,2332.6274,20317.105,5603.9062,11549.8125,1353.2899,1018.9277,116.34827
2017-05-17,66.01288,4.963842,48.985638,194.44556,32.1869,26.185663,36.210186,67.63039,154.8356,16.81884,30.496054,92.254715,36.210186,38.940556,17.177378,66.987976,191.50748,34.262737,200.91266,211.12512,158.38802,8.773422,52.79856,59.197723,25.600384,127.98666,124.0297,107.257416,99.27189,2331.7576,20290.242,5606.5044,11564.56,1355.6129,1018.3565,116.0209
2017-05-18,65.807434,4.9546404,49.13044,192.29512,32.173447,26.047434,36.262432,67.69447,154.79768,16.792799,30.550106,92.18568,36.262432,39.129627,17.084032,66.52167,188.69781,34.058712,200.27553,211.82327,158.18228,8.7270155,52.807854,59.00607,25.61846,128.48387,124.538124,107.303444,99.61498,2319.7014,20277.332,5592.1294,11505.745,1354.385,1016.612,115.43748
2017-05-22,65.24793,4.967397,50.0916,191.82573,32.356174,25.898333,35.841328,67.237335,153.5012,16.652626,30.43124,91.531746,35.841328,39.175617,16.88608,66.76284,189.1922,34.11832,198.58147,212.09656,158.75877,8.785035,52.4912,59.91666,25.748621,128.82356,126.91892,107.28269,98.83182,2337.8687,20286.838,5544.602,11480.095,1357.9824,1018.85345,115.40518
2017-05-23,65.64494,4.9645615,49.82162,191.96379,31.82493,25.950207,36.10028,68.00824,153.88422,16.711926,30.309944,91.255356,36.10028,39.213608,16.81762,65.90029,187.10316,33.79535,198.59663,210.9482,157.68855,8.76615,52.554016,59.403233,25.67239,129.25026,125.97954,108.1569,99.93141,2330.277,20337.959,5575.2144,11577.44,1349.9497,1013.67163,114.93943
2017-05-24,65.8134,4.926014,49.70114,192.44264,32.03204,25.873547,36.16867,68.32965,153.60077,16.738775,30.416134,91.8203,36.16867,39.355614,16.812284,65.808266,186.94348,33.720425,199.10591,210.84338,158.07504,8.766529,52.93051,59.178616,25.702831,129.51825,125.96597,107.94679,99.99463,2335.738,20273.953,5580.747,11571.951,1352.5227,1014.0989,114.86655
2017-05-25,65.904785,4.9057574,49.91602,192.11188,32.125244,25.817846,36.31675,68.6089,153.55954,16.762049,30.491882,92.05288,36.31675,39.552025,16.836758,65.758446,187.65634,33.7044,199.73965,211.59126,158.35582,8.76229,53.23664,59.06,25.720112,130.03082,126.151535,108.146286,100.14477,2341.8774,20263.113,5596.1743,11592.028,1353.4753,1014.7278,114.70561
2017-05-30,66.18036,4.8684487,50.255905,191.5011,32.245308,25.802988,36.468075,68.868286,153.8051,16.787708,30.614202,92.38745,36.468075,39.768795,16.882013,65.765305,188.2158,33.72344,200.70306,212.83441,158.91866,8.756632,53.68377,58.77195,25.779314,130.74252,126.48306,108.469154,100.374374,2349.1921,20277.021,5611.8687,11608.168,1355.5199,1016.01294,114.63331
2017-05-31,65.95876,4.8790402,51.491135,191.48807,32.47132,25.746437,36.07627,68.20991,153.10551,16.64254,30.55911,91.654175,36.07627,39.757927,16.756794,66.02671,190.37585,33.94872,199.26799,214.43373,160.55638,8.885164,53.57319,59.477844,25.977016,130.97612,129.44054,108.74938,99.200325,2371.8445,20330.523,5564.6313,11564.647,1361.2207,1021.8008,114.879105
2017-06-01,66.30727,4.842912,51.185097,190.22302,32.247154,25.909597,36.318535,68.88379,154.06027,16.75083,30.529755,91.38373,36.318535,39.720894,16.6918,65.36882,187.65689,33.84097,200.69173,213.30336,160.26653,8.899963,53.62143,58.727814,25.830418,131.56459,127.67663,109.31723,100.27204,2353.3645,20445.533,5609.6797,11646.835,1352.243,1018.2215,114.79025
2017-06-05,66.763,4.755802,51.181625,190.02522,32.197403,25.980019,36.535336,69.38192,154.86673,16.779276,30.676981,92.29154,36.535336,39.828556,16.69101,64.98067,186.78339,33.722828,201.53972,214.21681,160.7704,8.910843,54.1121,58.24117,25.964083,131.95563,127.948814,109.42476,100.368576,2359.3367,20376.842,5628.696,11656.216,1359.1068,1017.74164,114.6334
2017-06-06,67.50858,4.7536945,51.584576,190.45662,32.310204,26.039818,36.698586,69.742424,155.50784,16.82623,30.81843,92.70443,36.698586,40.036087,16.689856,64.77439,186.22485,33.768486,202.08664,215.59103,161.35765,8.928024,54.55873,58.156315,26.018188,132.49992,128.13226,109.58755,100.592804,2363.9495,20392.555,5656.273,11682.294,1364.3982,1018.9089,114.39708
2017-06-07,68.18703,4.82434,51.80451,190.59804,32.409477,25.997147,36.819405,69.970764,156.00778,16.852854,30.928139,93.13729,36.819405,40.203487,16.656816,64.45164,185.81642,33.824883,201.84,216.90968,161.11078,8.920301,54.855972,58.29264,26.090406,132.95312,128.51447,109.660446,100.85495,2360.1638,20420.953,5670.3696,11687.612,1368.0598,1017.78503,113.94912
2017-06-08,68.57369,4.8987627,52.16179,190.4372,32.515976,25.961977,36.873737,70.104805,156.54254,16.868734,31.05304,93.566376,36.873737,40.359047,16.665377,64.35855,185.78796,33.94774,201.81285,218.15427,161.30981,8.912098,55.111275,58.34316,26.171314,133.43222,128.88135,109.93253,101.11786,2362.1646,20454.584,5688.495,11696.365,1371.0684,1017.62067,113.65549
2017-06-12,68.73394,4.9999695,52.53981,190.26274,32.59291,25.926342,36.891327,70.17523,157.13446,16.872375,31.165447,93.852585,36.891327,40.405193,16.706158,64.4062,186.31998,34.129936,201.84428,219.20586,161.58882,8.914644,55.175945,58.360733,26.218958,134.14732,129.09596,110.12108,101.23032,2363.9521,20487.03,5702.1973,11706.8,1374.9912,1017.7891,113.48411
2017-06-13,67.588425,5.086682,53.485947,192.62128,32.656666,25.959776,36.432583,69.3451,156.76796,16.7337,31.114983,93.19125,36.432583,40.267483,16.675673,64.81086,189.49567,34.598057,200.2537,220.29016,163.21233,9.036679,54.955418,59.31088,26.407484,134.1206,131.69908,110.551186,100.154305,2388.6226,20546.916,5642.9604,11705.528,1383.6885,1022.9414,113.82139
2017-06-14,67.61883,5.084246,52.995995,192.87386,32.417282,26.119814,36.65118,69.89833,157.93752,16.814844,31.084362,92.7872,36.65118,40.099087,16.770676,64.98589,189.89778,34.78859,201.17908,218.82164,162.75902,9.045781,54.8939,58.851826,26.25504,134.50688,129.90494,111.27522,101.369934,2375.7593,20692.744,5688.6895,11810.723,1377.346,1019.4258,113.99788
2017-06-15,67.61603,5.0108232,52.615177,193.39632,32.319687,26.188028,36.81752,70.18725,158.8132,16.815878,31.181482,93.59667,36.81752,40.02082,16.876345,65.13931,191.0502,34.883347,202.03857,219.53838,163.57988,8.994432,55.29609,58.265705,26.37791,134.7425,129.8875,111.52577,101.59827,2375.4233,20639.129,5693.791,11762.039,1384.9459,1018.0561,113.85807
2017-06-19,67.401245,4.940873,52.47744,194.63165,32.29898,26.2388,36.93783,70.18297,159.66338,16.850409,31.25548,93.93649,36.93783,40.03781,16.992071,65.37764,191.51274,35.007893,202.92828,220.2979,164.46788,8.973033,55.529667,57.87239,26.403912,135.20741,129.55836,111.677124,101.73939,2375.7944,20652.613,5707.309,11738.444,1387.1271,1017.6237,113.98417
2017-06-20,67.54831,4.9243736,52.558697,195.35635,32.396675,26.358408,37.026768,69.86959,159.97629,16.88038,31.375343,94.3169,37.026768,40.13515,17.126575,65.76392,192.68295,35.203384,203.90282,221.2875,165.44218,8.971946,55.88379,57.833046,26.465786,135.89629,129.54941,111.95896,102.01314,2382.438,20688.805,5724.6987,11763.134,1388.6256,1020.14514,114.26532
2017-06-21,67.45616,4.9411926,52.687424,194.52855,32.42046,26.506824,37.136913,69.53215,160.01323,16.893599,31.454197,94.5653,37.136913,40.168373,17.204042,65.95931,193.13231,35.341263,204.67154,222.36963,166.14407,8.950279,56.06576,57.61598,26.492746,136.30132,129.58432,111.99625,102.24539,2377.8027,20718.785,5728.435,11727.707,1387.463,1020.79956,114.51121
2017-06-22,66.89652,5.146176,53.649094,194.1325,32.64437,26.519146,36.605442,68.46137,158.69754,16.716213,31.314672,93.94023,36.605442,40.08273,17.058842,66.443565,195.04378,35.688015,203.1492,223.44087,167.54533,9.011559,55.93975,58.288696,26.646297,136.39053,132.2706,112.143394,101.0175,2396.849,20767.768,5676.559,11710.336,1393.7375,1025.6627,114.987656
2017-06-26,66.87344,5.367829,53.892567,192.72502,31.969725,26.605488,36.32953,68.074875,157.90959,16.59649,30.905087,92.550446,36.32953,39.78046,16.85169,65.84699,194.50885,35.6585,201.11934,222.79355,167.27502,9.013675,55.726738,58.206917,26.629768,136.63849,132.96423,113.09426,101.184845,2393.692,20878.387,5653.9224,11765.04,1388.6531,1025.7295,115.08124
2017-06-27,66.89597,5.5609264,53.626694,192.03595,31.881533,26.65822,36.039253,67.63816,156.55533,16.521399,30.665407,91.60775,36.039253,39.582275,16.635086,65.83996,194.12141,35.614098,199.80545,221.06894,167.8214,9.02596,55.68071,58.163536,26.604742,136.39595,133.03644,113.157104,101.166534,2394.141,20935.87,5634.5234,11796.027,1389.0353,1029.315,115.358376
2017-06-28,66.64831,5.699144,53.20206,191.08492,31.74216,26.637026,35.80019,67.36756,155.14334,16.460112,30.379248,90.76957,35.80019,39.367023,16.457224,65.928276,193.63107,35.516376,198.51094,218.81186,168.08221,9.008904,55.530224,58.025364,26.536854,136.07608,132.65916,112.74845,100.90722,2389.7095,20960.13,5616.0776,11806.443,1389.7959,1031.5902,115.616234
2017-06-29,66.555565,5.8179917,52.77311,190.45285,31.745176,26.618242,35.61035,67.22911,153.83537,16.426332,30.155836,90.169685,35.61035,39.254925,16.363928,66.25765,193.95631,35.414948,197.70305,216.8613,168.43877,9.001256,55.451305,57.987366,26.499449,135.90186,132.23618,112.216644,100.627914,2394.3772,20981.324,5612.8403,11848.036,1391.4767,1035.011,115.83667
2017-07-03,66.116264,5.8546467,52.23154,189.98195,31.703382,26.54831,35.410046,67.12764,152.65044,16.401794,29.956179,89.603546,35.410046,39.030678,16.30991,66.6459,194.18088,35.327824,196.95325,214.8174,168.62836,8.99664,55.209106,57.923176,26.407774,135.69344,131.60303,111.237144,100.25672,2389.161,20994.65,5600.073,11842.078,1392.8068,1034.3114,115.96206
2017-07-05,65.6286,5.858857,51.540382,190.36707,31.741373,26.494469,35.13334,66.961075,151.53584,16.406176,29.812159,89.19898,35.13334,38.914562,16.32112,67.20064,195.12209,35.321083,196.89629,213.23503,169.14513,9.050328,54.99379,58.12987,26.34347,135.21909,131.15628,110.43208,100.07146,2393.1782,21018.842,5594.969,11865.061,1393.4911,1036.2947,116.298874
2017-07-06,65.45836,5.801009,50.216038,189.99944,32.020252,26.51674,35.219376,67.48851,151.38467,16.601149,29.886292,89.560814,35.219376,38.775578,16.57807,68.082954,194.9201,35.352585,199.22366,210.7492,168.96771,9.032027,55.132565,57.789974,26.16986,135.03618,127.92211,109.744514,100.58563,2375.9854,21016.055,5654.286,11912.697,1388.8407,1031.6865,116.44417
2017-07-11,65.70945,5.7636237,49.67873,188.4266,32.008446,26.370958,35.33771,67.63372,151.31874,16.67167,30.108025,90.71998,35.33771,38.75029,16.821388,68.785385,195.15451,35.403633,200.41034,211.20996,169.11731,8.951111,55.43781,57.294113,26.080427,135.03131,126.95797,108.82884,100.53852,2364.2861,20908.166,5668.9194,11796.407,1394.4563,1025.325,116.4089
2017-07-12,65.60561,5.8987556,50.525967,188.37476,32.170856,26.212187,34.944714,66.66973,150.11101,16.545614,30.228746,90.359314,34.944714,38.848534,16.855919,69.90982,197.42903,35.616055,199.59775,212.86514,170.1343,9.045993,55.05581,57.941975,26.086422,134.56186,128.68504,107.76761,99.41503,2382.4011,20914.893,5639.7617,11741.739,1404.1185,1026.2974,116.67246
2017-07-13,65.985535,5.915891,50.22318,187.56483,32.340034,26.288542,35.120087,66.891335,149.97388,16.673788,30.26067,89.86594,35.120087,38.906677,17.070147,70.30448,196.89983,35.65292,201.59459,212.27812,169.7402,9.076791,54.919243,57.74332,25.919176,134.49515,126.28192,107.94842,100.45081,2369.92,20972.908,5695.6484,11860.8125,1395.4927,1023.6716,116.62249
2017-07-17,66.17139,5.9856596,51.160393,188.3799,32.698505,26.186451,34.814808,66.05356,148.7517,16.523014,30.580002,89.79058,34.814808,39.068104,17.059711,71.45228,199.61157,35.873184,200.75563,213.69756,171.20103,9.189455,54.780735,58.382633,25.97811,134.30528,128.2711,107.11499,99.44036,2389.4656,20956.512,5655.458,11791.314,1407.2306,1029.246,116.90331
2017-07-18,66.70906,5.9642806,50.85621,188.1248,32.91801,26.312998,35.006035,66.57079,148.84402,16.643953,30.526619,89.337105,35.006035,39.24287,17.23392,71.486046,199.10237,35.916893,202.71878,213.27525,171.05356,9.221589,54.779102,58.263756,25.847775,134.45934,126.19694,107.84339,100.58062,2380.3796,21021.53,5711.9688,11929.863,1397.9249,1028.0247,116.73058
2017-07-19,67.31351,5.9567065,50.99876,188.22968,33.467896,26.331501,35.137424,66.65401,148.54086,16.671755,30.847965,90.20517,35.137424,39.56154,17.383215,71.90774,198.6102,36.035004,203.91548,214.51778,171.62355,9.238541,55.06911,58.163895,25.818443,134.7714,126.230064,107.731476,100.90155,2380.502,20964.604,5727.8438,11893.297,1401.3043,1027.5452,116.60956
2017-07-20,68.07044,5.9573383,51.573723,188.24344,33.570694,26.453222,35.40515,66.8117,148.59322,16.690853,30.98402,91.0567,35.40515,39.893417,17.517504,72.32592,197.87343,36.25456,204.98186,216.88245,172.11586,9.2473755,55.301483,58.22718,25.83821,135.57594,126.92925,108.59782,101.32021,2387.6755,20928.096,5752.038,11918.768,1404.9185,1026.7904,116.380646
2017-07-24,68.75415,5.95917,52.154,187.80609,33.588055,26.562996,35.65567,67.00781,148.7028,16.712332,31.164398,91.88681,35.65567,40.201607,17.60256,72.68095,196.93236,36.450504,205.63094,219.2358,172.22314,9.2634325,55.39507,58.3171,25.895348,136.3584,127.81384,109.43394,101.76186,2389.2825,20903.275,5765.971,11926.871,1408.1794,1025.5864,116.20935
2017-07-25,68.52533,6.0054893,53.777256,186.53665,33.605644,26.493948,35.473442,66.41734,148.16263,16.549822,31.197943,91.46816,35.473442,40.274685,17.48021,73.71708,197.92444,36.801586,204.21832,221.37488,173.22153,9.310566,55.089767,58.923893,26.082285,136.6806,131.15321,109.85036,100.46776,2409.732,20909.227,5720.231,11892.158,1419.311,1027.3302,116.30009
2017-07-26,68.99804,5.9476137,53.630337,184.32538,33.317802,26.62549,35.848057,67.25104,148.74435,16.627422,31.127544,91.61775,35.848057,40.22331,17.55331,73.78015,196.32774,36.89028,205.33861,220.80437,172.62968,9.25041,54.886433,58.545654,25.993431,137.4241,129.93924,111.25288,101.81082,2398.0557,20993.006,5770.754,11996.499,1410.1176,1022.1642,116.35199
2017-07-27,69.43846,5.9937873,53.75489,182.98245,33.460606,26.570911,36.17001,67.72516,148.86694,16.694216,31.263205,92.7333,36.17001,40.36311,17.607506,73.93379,195.98312,36.97856,205.66145,221.92276,174.72827,9.144581,55.182198,58.315113,26.08728,137.49913,130.65768,111.68442,101.87541,2397.502,20913.771,5780.9995,11950.428,1417.0374,1020.2061,116.23124
2017-07-31,68.98249,6.0386624,55.01829,183.1819,33.369247,26.47405,35.95101,67.45972,148.42917,16.612768,31.122795,92.31703,35.95101,40.406567,17.457748,74.56286,197.4929,37.207832,203.5194,223.56148,177.61263,9.152976,54.653595,58.907654,26.282917,137.68854,133.5752,112.03977,100.5069,2418.6301,20919.834,5732.012,11923.45,1429.9697,1024.5806,116.311676
2017-08-01,69.2076,5.9382,54.255016,181.95427,32.904964,26.62998,36.29933,68.507545,149.06488,16.786495,31.051027,92.12912,36.29933,40.332073,17.489325,73.80641,196.1846,37.07959,204.2983,222.68134,178.09447,9.084928,54.111664,58.585423,26.203335,138.32498,131.75204,113.078094,101.795654,2400.4912,21006.043,5776.018,12011.917,1417.7689,1018.07166,115.90117
2017-08-02,68.620705,5.975054,54.56527,182.27635,33.25256,26.512888,35.939472,68.14885,148.47798,16.672768,31.093763,92.08029,35.939472,40.354916,17.354555,74.14927,198.89006,37.312817,202.84258,223.55247,179.95343,9.094254,53.81879,59.279922,26.393963,137.98035,134.41911,112.69495,100.51682,2419.884,20988.17,5720.78,11963.74,1431.2639,1023.8215,116.04591
2017-08-03,68.66322,5.882536,53.789833,181.36205,33.308647,26.641521,36.16612,69.145454,149.16513,16.83396,31.033295,91.97125,36.16612,40.328327,17.416552,73.86321,197.49571,37.245968,204.3521,222.16252,180.1949,9.0329485,53.41316,59.065563,26.226116,138.54709,132.11589,113.14833,101.55733,2403.7197,21094.371,5770.501,12033.72,1418.7593,1019.8221,115.91022
2017-08-07,68.83812,5.8004813,53.109318,181.03378,33.353794,26.702295,36.39883,69.75147,149.66699,16.866259,31.17434,93.03387,36.39883,40.40112,17.470436,73.51938,196.5567,37.177593,205.22308,223.16905,180.70651,8.9256735,53.43281,58.7122,26.308563,138.53232,132.20891,113.05301,101.709785,2397.319,21017.102,5773.0894,11958.823,1423.5974,1017.2595,115.498985
2017-08-08,68.85699,5.766233,52.95508,180.93512,33.651844,26.761541,36.51101,70.220604,150.03104,16.921244,31.268677,93.67907,36.51101,40.60604,17.564764,74.04685,198.05142,37.28102,206.3965,224.31242,181.78793,8.882536,53.25335,58.5479,26.31323,138.38013,132.2049,112.925766,101.78937,2400.5188,21025.6,5792.477,11941.546,1422.3861,1018.37823,115.35823
2017-08-09,68.52956,5.750123,53.727448,181.49028,33.575954,26.70154,36.18762,69.85002,149.82047,16.742514,31.21977,93.110275,36.18762,40.59235,17.459713,74.36903,200.47961,37.462345,204.83612,226.40247,182.26761,8.900802,52.869392,58.95277,26.540867,138.24298,135.05655,113.193275,100.561424,2418.7346,21036.688,5739.8022,11914.572,1432.667,1023.3062,115.326614
2017-08-10,68.80776,5.626936,52.971054,181.06134,33.496918,26.887938,36.389793,70.85637,150.45695,16.870937,31.170996,92.68956,36.389793,40.53929,17.521193,74.02111,199.45963,37.404175,206.31761,225.5809,181.62672,8.887389,52.480762,58.358017,26.373497,138.40292,132.71765,113.54086,101.811264,2398.862,21149.12,5781.9624,11985.161,1417.5166,1019.492,115.1098
2017-08-14,68.1258,5.546804,53.04477,181.23901,33.686417,26.745062,36.01878,70.29347,149.76051,16.704323,31.2047,92.46494,36.01878,40.438545,17.332829,74.29879,200.09001,37.47939,204.65216,226.47278,181.80545,8.899996,52.228966,58.511497,26.520887,137.95172,135.10048,112.55032,100.46993,2402.8088,21097.238,5707.675,11876.612,1429.1426,1021.7131,115.093285
2017-08-15,68.29671,5.5644283,53.09203,181.26288,33.556675,26.75237,35.80394,70.20655,149.42801,16.657047,30.877874,91.10548,35.80394,40.31836,17.147003,73.71387,200.04575,37.436424,203.84407,225.91286,181.67151,8.938741,51.909996,58.43749,26.477652,137.69168,135.33003,112.637184,100.48116,2407.605,21191.613,5698.4688,11936.636,1424.0383,1023.25183,115.17264
2017-08-16,68.683014,5.4892073,51.936592,180.16724,33.76886,26.843529,36.04603,71.05018,149.80826,16.801962,30.931265,91.4983,36.04603,40.236275,17.221582,73.60476,198.03154,37.211967,205.66136,223.60088,182.1202,8.893186,51.90271,57.65732,26.389612,137.70328,132.52303,112.46635,101.30273,2391.0144,21208.287,5739.27,11956.909,1410.1554,1019.32117,115.1981
2017-08-17,69.278694,5.4307475,51.37274,179.38654,33.827084,26.812395,36.300877,71.40018,150.14935,16.829971,31.061453,92.564674,36.300877,40.363556,17.300982,73.24373,196.88828,37.009815,206.32904,224.37717,182.28764,8.805831,52.071907,57.12452,26.44194,138.11467,132.33766,112.24113,101.411736,2389.422,21091.396,5752.8477,11910.5625,1413.5679,1016.99036,114.8756
2017-08-21,68.72973,5.4668174,51.850147,179.5913,33.8857,26.642746,35.926567,70.63209,149.48409,16.677383,31.059628,92.037186,35.926567,40.363956,17.116417,73.395874,197.4229,36.99865,204.32297,225.70212,182.25714,8.820359,51.70388,57.62652,26.535965,137.85011,134.6502,111.45526,100.14014,2397.0835,21076.818,5692.978,11833.704,1421.0018,1020.8579,114.87502
2017-08-22,68.78668,5.3737974,50.88514,178.10983,33.80648,26.659706,36.10415,71.31716,149.91368,16.790344,30.945904,91.94928,36.10415,40.35866,17.114775,72.83805,194.63995,36.710545,205.23143,224.10793,181.44775,8.764498,51.37343,57.197742,26.395653,138.25008,132.27484,111.65189,101.28474,2374.9863,21143.428,5729.4346,11889.39,1404.376,1015.6202,114.52763
2017-08-23,69.235565,5.295041,50.437416,177.31828,33.854374,26.648207,36.279594,71.50715,150.26093,16.804897,31.149317,93.0576,36.279594,40.47224,17.154318,72.65213,193.91194,36.526443,205.88878,224.99127,181.7254,8.691576,51.41868,56.915325,26.450083,138.52753,132.37244,111.54817,101.480835,2376.97,21034.482,5736.6543,11855.796,1408.325,1013.11755,114.218834
2017-08-24,69.25704,5.284777,50.356964,176.65244,34.081013,26.680067,36.389935,71.591415,150.50563,16.836979,31.286777,93.573654,36.389935,40.672585,17.203201,72.82823,193.5719,36.458206,206.4725,226.02882,181.9337,8.682862,51.192467,56.931355,26.424515,138.56506,132.46596,111.395935,101.54969,2377.4148,21004.68,5744.952,11834.629,1406.8187,1011.3959,113.91026
2017-08-28,69.4586,5.257498,50.324265,175.84306,33.891533,26.734962,36.574566,71.58719,150.69792,16.82448,31.402485,93.98243,36.574566,40.77749,17.22561,72.63588,193.11336,36.342506,206.55528,227.39725,181.46669,8.650871,50.85278,56.830246,26.490429,139.04526,132.99979,111.79146,101.75712,2375.2864,20962.082,5748.387,11817.511,1406.3074,1007.77075,113.49199
2017-08-29,69.47876,5.222214,50.263203,175.63673,34.034164,26.816294,36.61614,71.47896,150.58765,16.837154,31.515846,94.227615,36.61614,40.9542,17.24702,72.527306,192.66052,36.30441,206.42941,228.44415,181.11235,8.677889,50.720757,57.05447,26.519104,139.28804,133.71808,111.92475,101.947624,2376.0176,20958.184,5751.438,11826.494,1405.2092,1005.1555,113.17142
2017-08-30,69.521774,5.1820974,50.36118,175.56664,34.174946,26.913021,36.66563,71.33966,150.54968,16.849579,31.597477,94.37433,36.66563,41.097225,17.245306,72.36095,192.279,36.264557,206.4865,229.62076,181.32416,8.712349,50.58301,57.215427,26.526348,139.60484,134.51746,112.12765,102.14967,2375.8284,20956.09,5752.5015,11818.201,1404.6625,1001.80273,113.090965
2017-08-31,69.10273,5.2863007,51.483414,176.46658,34.439163,26.870285,36.18944,70.16553,149.67618,16.678907,31.561892,93.64649,36.18944,41.056297,17.108503,72.88581,194.99918,36.52007,204.47441,230.81685,181.9015,8.846299,50.411633,58.159225,26.706022,139.95576,137.7775,112.21076,100.81852,2401.3022,20967.57,5699.243,11836.348,1413.8479,1006.7088,113.66094
2017-09-05,69.80733,5.3110633,51.140633,176.18008,33.950855,27.192505,36.492386,70.59353,150.10936,16.747036,31.37885,93.28581,36.492386,41.000065,17.116953,72.06351,193.81956,36.32221,205.07439,229.54884,181.1124,8.8683195,50.303955,57.760494,26.586098,140.8034,136.42833,113.73778,102.17925,2391.0015,21045.846,5741.8174,11965.532,1406.0897,1001.6406,113.71427
2017-09-06,69.36485,5.477082,51.7347,177.3315,34.304253,27.110388,36.110424,69.752625,149.13858,16.55686,31.350018,93.13823,36.110424,40.969303,16.923561,72.30876,194.88055,36.453793,202.6436,229.78317,181.3559,8.991377,50.378098,58.569057,26.767393,140.50563,139.417,113.14937,100.73996,2405.9148,20980.754,5676.9834,11928.174,1421.5308,1007.7837,114.08109
2017-09-07,69.299545,5.631393,52.063217,177.9548,33.809586,27.152256,35.995647,69.64632,148.8011,16.447107,30.906761,91.99155,35.995647,40.795784,16.714972,71.52265,194.40211,36.362103,200.85461,228.62881,180.32574,9.06553,50.268745,58.910107,26.740211,140.70271,139.93044,114.05013,100.75251,2410.447,21057.055,5665.839,12006.746,1420.4795,1010.34955,114.15724
2017-09-11,69.921074,5.633351,51.037445,176.6638,33.467808,27.383331,36.271248,70.50052,148.85509,16.489544,30.88577,92.2822,36.271248,40.778866,16.696058,70.34752,191.26675,35.984123,201.40877,226.19003,179.76602,9.031781,50.303955,58.513554,26.701908,141.07939,137.42426,114.77057,101.67226,2391.5032,21046.957,5707.25,12063.964,1414.4532,1006.9232,113.77672
2017-09-12,70.13815,5.624698,50.651245,175.98048,33.794968,27.427631,36.43933,70.61327,148.75941,16.473598,31.014305,93.44771,36.43933,41.059048,16.773146,70.27532,191.40611,35.92433,202.29955,225.71492,180.85707,9.032897,50.756603,58.48143,26.728775,141.09267,137.08124,114.39447,101.62531,2402.2366,20977.17,5730.7183,12044.148,1422.5986,1010.65027,113.78797
2017-09-13,70.376976,5.628773,50.67035,175.74225,34.045784,27.647186,36.620472,70.87992,148.92444,16.494278,31.11637,94.12395,36.620472,41.257526,16.88522,70.66612,192.71904,35.963802,202.91037,226.19589,181.21486,9.074583,51.050644,58.769577,26.710754,141.26837,137.04,114.17644,101.622475,2408.5205,20982.598,5757.808,12042.486,1428.1373,1014.0094,113.88998
2017-09-14,70.935585,5.5935454,51.05256,175.56145,33.8235,27.83014,36.853256,71.189545,149.4275,16.499651,31.209333,94.57793,36.853256,41.338707,16.994152,70.73536,193.27155,35.9532,203.2632,227.50931,181.66328,9.077847,51.314888,58.957123,26.770939,141.35786,137.37093,114.53174,101.84552,2408.2366,20983.527,5776.721,12026.951,1433.6786,1015.1001,113.781
2017-09-18,71.115555,5.570856,51.402954,175.72221,33.90975,28.097773,36.939342,71.28804,149.85414,16.514854,31.310879,94.88975,36.939342,41.45776,17.116913,70.98594,193.96165,36.08552,203.61226,228.67085,182.61932,9.106105,51.60934,59.315132,26.790884,141.15999,137.68954,114.695885,102.18507,2409.1333,21023.338,5792.315,12033.625,1438.1769,1017.9491,113.77256
2017-09-19,71.35251,5.60558,51.779587,176.55257,33.997932,28.289066,36.970318,71.325676,150.31133,16.575476,31.399897,95.17021,36.970318,41.59439,17.262636,71.510956,194.56273,36.292393,204.73444,230.05153,184.48833,9.148257,51.879257,59.64701,26.799242,141.212,137.98782,115.014366,102.46901,2412.8162,21062.607,5807.5093,12047.316,1443.2805,1021.4113,114.06633
2017-09-20,71.107216,5.719215,53.055176,177.58743,34.102676,28.214575,36.50018,70.44363,150.09412,16.490189,31.281607,94.37607,36.50018,41.581776,17.225018,72.22011,197.3556,36.734753,203.6595,231.73248,185.94493,9.2724495,51.983284,60.675964,26.953808,141.22809,140.6026,115.114746,101.305595,2434.8213,21123.66,5763.6313,12086.797,1458.8405,1030.6781,114.72684
2017-09-21,71.2392,5.757955,52.792957,177.56448,33.84852,28.634901,36.675854,70.99972,150.93005,16.65511,31.256397,93.90659,36.675854,41.454086,17.355532,72.39086,196.39532,36.87054,205.35728,230.59418,186.89323,9.301177,51.958817,60.36364,26.757202,141.70853,138.16362,115.65564,102.46637,2420.1028,21255.732,5807.3687,12191.75,1449.3186,1029.7443,115.25088
2017-09-25,71.09678,5.7905684,52.642406,177.9849,34.02634,28.718523,36.713444,71.03394,151.29546,16.710993,31.321335,94.54234,36.713444,41.40704,17.483973,72.90654,196.67079,37.05713,206.59363,230.78036,188.35593,9.300266,52.223824,60.159233,26.769085,141.93399,137.87257,115.04322,102.30068,2413.6167,21211.617,5808.3047,12114.61,1456.7609,1031.1641,115.780815
2017-09-26,70.61023,5.753936,52.578197,178.64162,34.038765,28.669643,36.808235,70.984344,152.02057,16.798048,31.320353,94.9306,36.808235,41.434193,17.575981,73.40339,196.60353,37.180885,207.34462,231.74467,189.46974,9.334523,52.434135,60.265938,26.74519,142.33751,137.60136,114.82034,102.2397,2409.182,21209.332,5815.17,12084.51,1459.239,1031.9376,116.00548
2017-09-27,70.45964,5.671067,52.6043,178.74512,33.72567,28.637129,36.981804,71.08501,152.73312,16.8306,31.32383,95.076324,36.981804,41.387074,17.623232,73.54813,196.12396,37.15465,208.31616,233.30666,190.155,9.317688,52.62367,60.173134,26.83159,142.77615,137.57893,115.103294,102.278984,2406.2725,21187.984,5818.6255,12050.941,1462.7915,1031.1797,116.021965
2017-09-28,69.84578,5.724809,53.547287,179.284,33.920265,28.460705,36.382053,70.08775,152.58685,16.671597,31.164871,94.41009,36.382053,41.277767,17.557945,74.763245,199.42581,37.56246,206.93634,234.7589,191.11398,9.41746,52.630424,60.964176,26.990973,142.8625,140.17929,115.1944,100.735,2432.3154,21225.002,5771.8286,12086.602,1479.0548,1040.648,116.84075
2017-10-02,70.16334,5.646564,53.10525,178.0551,33.321114,28.77036,36.635624,70.72478,153.60878,16.803356,31.17232,93.93266,36.635624,41.05532,17.646275,74.86297,198.39217,37.487667,208.18744,233.7365,191.2589,9.392982,52.550167,60.564068,26.84288,143.20395,137.5833,116.13137,101.77665,2417.665,21325.158,5817.64,12212.826,1468.4943,1037.075,116.92685
2017-10-03,70.66837,5.6079383,52.800423,177.70485,33.176266,28.82729,36.693806,70.83423,154.1398,16.807743,31.209301,94.5723,36.693806,41.04963,17.745564,75.47822,199.54965,37.524033,209.11958,234.26915,192.21371,9.367957,52.794716,60.393562,26.924868,143.19258,137.28893,116.04029,101.71287,2418.7495,21243.867,5832.05,12182.689,1481.494,1039.0715,116.97768
2017-10-04,70.77374,5.66969,52.822853,177.85309,33.221188,28.898405,36.758995,70.91851,154.7285,16.859325,31.28484,94.72394,36.758995,41.11678,17.859735,76.41646,201.20523,37.703487,209.99829,235.122,193.07664,9.419722,53.135715,60.46078,26.87065,143.13911,136.88579,115.84292,101.60719,2421.057,21249.934,5855.455,12191.652,1490.431,1042.1382,117.06398
2017-10-05,70.91754,5.7069917,52.903458,177.53127,33.27298,28.914068,36.844383,70.960106,155.2742,16.890907,31.394735,94.87228,36.844383,41.201614,17.953062,77.10915,202.28041,37.845566,210.89038,236.17442,193.5409,9.45654,53.472458,60.514225,26.864954,143.0376,137.03746,115.943695,101.764404,2422.3535,21265.818,5872.8228,12183.476,1495.7163,1044.2379,117.05355
2017-10-09,71.28324,5.727564,53.186005,177.45523,33.356968,28.941198,36.919792,70.98018,155.88965,16.918032,31.514313,95.09035,36.919792,41.299816,18.060417,78.04862,204.47847,38.01588,211.76035,237.4053,194.55994,9.4788885,53.795704,60.581306,26.869053,143.49606,137.29213,116.28883,101.96436,2428.2778,21299.092,5894.3213,12191.829,1499.7188,1046.9432,117.08756
2017-10-10,70.94865,5.8349133,54.410362,176.99693,33.576855,28.780914,36.387295,70.045395,155.31004,16.70526,31.370287,94.15738,36.387295,41.260323,17.979864,79.07963,207.21324,38.421585,209.8041,239.09206,194.43398,9.546614,53.811497,61.18758,27.031542,143.7014,140.52354,116.894424,100.67065,2449.3267,21359.443,5841.2637,12231.423,1521.937,1055.5842,117.4585
2017-10-11,71.32942,5.818005,54.00619,175.16048,33.35444,29.154219,36.589275,71.16435,155.60783,16.84214,31.459576,93.618484,36.589275,41.163734,18.067095,79.349464,205.83647,38.44129,211.19965,237.7011,194.76355,9.559149,53.75674,60.754856,26.83232,144.1317,138.38206,117.42123,102.085724,2434.7727,21513.143,5894.3125,12348.859,1502.7203,1052.128,117.45707
2017-10-12,71.645386,5.841742,53.818943,173.68442,33.745773,29.109913,36.713795,71.85307,155.51114,16.834877,31.577927,94.57614,36.713795,41.30319,18.137,79.92361,205.73712,38.506695,212.01613,237.84436,195.99356,9.542096,54.28449,60.394554,26.889267,143.95912,138.86732,117.13746,102.32405,2433.99,21474.088,5905.933,12260.178,1508.8505,1052.957,117.54812
2017-10-16,72.048874,5.8520393,54.135563,172.46028,33.522778,29.177805,36.931202,72.6228,155.72253,16.724672,31.60975,94.82849,36.931202,41.496952,18.157063,79.888725,204.59373,38.39697,212.755,239.48901,196.97932,9.465552,54.553772,60.18104,26.95029,144.42258,139.42966,117.81011,102.607,2435.491,21464.25,5924.752,12236.669,1513.4401,1052.1862,117.197235
2017-10-17,72.36443,5.8470974,54.46249,172.03362,33.731197,29.137999,37.03413,73.25139,155.78511,16.666998,31.651669,95.21373,37.03413,41.728363,18.210487,80.49075,204.46176,38.423195,213.45018,240.80087,197.34305,9.430301,54.871857,60.039078,27.012865,144.97122,139.82005,118.01589,102.737976,2438.093,21501.76,5941.1084,12223.394,1514.0409,1053.5288,117.044495
2017-10-18,72.613106,5.822547,54.899624,171.48602,33.87221,29.155313,37.158344,73.833534,155.85211,16.620214,31.693308,95.54377,37.158344,41.8795,18.244411,80.77526,202.8784,38.429432,214.07738,242.1279,197.63503,9.424375,55.037537,59.899693,27.055656,145.5349,140.25217,118.16474,103.15277,2436.4485,21545.73,5951.822,12202.397,1513.6475,1053.9182,116.93336
2017-10-19,72.857346,5.7921185,55.266182,171.0567,33.97593,29.07994,37.22723,74.37446,155.93549,16.555016,31.72851,95.84354,37.22723,42.002335,18.291632,81.35976,203.18813,38.51336,214.34271,243.19058,198.0879,9.415823,55.116924,59.805435,27.101992,146.1213,140.75728,118.34813,103.454346,2437.3887,21594.707,5961.936,12204.662,1513.9622,1055.1503,117.12023
2017-10-23,73.06968,5.7427406,55.55807,171.10158,34.060143,29.104376,37.329865,74.84002,156.02058,16.496422,31.724812,96.19751,37.329865,41.83931,18.320267,82.14694,202.96487,38.53007,214.8203,244.06,198.19496,9.413297,55.130653,59.54111,27.121443,146.71078,141.33955,118.465126,103.778694,2436.0825,21640.928,5964.9746,12185.393,1513.9799,1053.7957,117.260086
2017-10-24,73.483765,5.657156,55.75999,169.50139,33.68899,29.170904,37.51534,75.5356,156.50513,16.401909,31.709265,96.12012,37.51534,41.467537,18.343155,82.51798,202.98917,38.41099,215.26878,245.28238,198.41368,9.3776,55.084003,58.936184,27.21362,147.11812,141.76419,119.023575,104.19577,2436.6719,21654.117,5967.283,12173.394,1515.4381,1051.1418,117.20776
2017-10-25,73.6716,5.619471,55.84574,167.77805,33.664707,29.210527,37.510265,76.01197,156.80945,16.336855,31.742277,96.17606,37.510265,41.151,18.403976,83.31144,203.91898,38.510036,215.58977,245.69336,199.21085,9.399384,55.028942,58.67184,27.253773,147.3513,141.95001,119.091255,104.26211,2438.3938,21695.709,5972.2666,12188.056,1515.6084,1051.022,117.56102
2017-10-26,73.71944,5.4453487,55.892624,165.95325,33.638012,29.225998,37.563076,76.48321,157.03825,16.229877,31.745285,96.0914,37.563076,40.88443,18.454332,83.851395,203.72778,38.55321,216.89401,245.91866,199.2713,9.394493,54.74686,58.57191,27.26154,147.78741,141.89919,119.01386,104.375656,2435.3604,21723.566,5968.48,12162.87,1514.4045,1049.7047,117.80846
2017-10-30,73.76487,5.265417,55.962013,164.33646,33.606995,29.14008,37.597183,76.79611,157.32712,16.16064,31.757362,95.98989,37.597183,40.734787,18.504812,84.537735,203.81294,38.604088,217.49329,245.74449,199.3231,9.426257,54.19316,58.502884,27.281826,148.25197,141.81215,118.97493,104.39102,2434.725,21754.459,5968.316,12155.716,1513.2859,1050.2515,118.132454
2017-10-31,75.08096,5.026666,56.91268,161.89769,33.825077,28.889984,37.802597,76.755226,157.22285,16.086447,31.68999,95.69198,37.802597,40.667507,18.491526,85.28529,204.50241,38.591373,218.44476,245.19067,198.46584,9.404752,53.6676,58.420933,27.290306,148.10904,142.44179,118.55518,104.54351,2430.574,21791.33,5972.409,12101.666,1509.6848,1047.094,118.093315
2017-11-01,75.71469,4.809791,57.606266,159.85983,34.03773,28.735077,37.77422,76.83081,157.33434,16.045673,31.705402,95.890915,37.77422,40.741467,18.476818,85.914604,205.30435,38.578297,218.74565,244.8469,198.64339,9.416708,53.132687,58.368725,27.346014,148.12123,143.22678,118.75543,104.78789,2434.4365,21822.805,5981.225,12095.605,1503.7327,1047.0543,118.15594
2017-11-02,76.25994,4.608371,58.305244,158.03282,33.82863,28.713959,37.944168,77.07041,157.65308,15.99268,31.65161,95.630295,37.944168,40.745586,18.439516,85.86259,205.69891,38.34467,218.76425,244.9642,198.2357,9.413546,52.60407,58.291195,27.433956,148.15619,143.97469,119.28529,105.127266,2438.4182,21830.377,5983.156,12119.098,1500.7113,1045.9452,117.91772
2017-11-03,76.73395,4.454825,58.834564,156.73656,33.96778,28.733503,37.916954,77.21819,157.94302,15.974629,31.67407,95.65684,37.916954,40.82089,18.489809,86.26342,206.8899,38.40634,219.49957,244.98424,198.48137,9.457042,52.207466,58.252026,27.457363,148.10666,144.66327,119.66379,105.26275,2444.9927,21864.672,5989.467,12159.047,1497.1084,1047.3308,118.10123
2017-11-06,77.080376,4.352627,59.45464,155.88234,34.187862,28.797878,37.902615,77.44177,158.22598,15.969,31.648705,95.65042,37.902615,40.863014,18.531347,86.59855,207.05363,38.43497,220.19334,245.001,198.45929,9.481243,51.83412,58.242363,27.468939,148.11133,145.21509,119.84814,105.27172,2448.8604,21893.393,5995.8877,12173.857,1495.0231,1048.5278,118.273155
2017-11-07,77.37913,4.35566,60.000027,155.26869,34.43582,28.778833,37.93044,77.522285,158.43938,15.953681,31.649652,95.669464,37.93044,40.904507,18.57885,86.81773,207.02528,38.466248,220.72762,245.10425,198.38448,9.48978,51.597942,58.62782,27.46911,148.02486,146.23148,120.28336,105.37965,2452.2612,21921.533,6001.3486,12197.173,1492.5184,1049.2122,118.38043
2017-11-08,77.434326,4.360205,60.539543,154.90733,34.663006,28.772392,37.996506,77.61111,158.54927,15.955103,31.63464,95.625984,37.996506,40.93701,18.586704,86.54118,206.06934,38.4349,221.72812,245.32468,198.85376,9.453627,51.416935,58.775894,27.49535,147.88727,147.32784,120.61989,105.56019,2453.32,21947.547,6002.0635,12178.888,1487.7843,1048.4921,118.36561
2017-11-09,77.51274,4.3477654,60.971012,154.69489,34.90042,28.755894,38.049686,77.89988,158.86595,15.983079,31.67061,95.72558,38.049686,41.035614,18.58249,86.216034,205.75816,38.406162,222.24518,245.86742,199.31274,9.406484,51.391693,58.984005,27.544502,147.82242,148.63275,121.237526,105.86511,2458.909,21984.848,6010.5464,12195.474,1482.4888,1048.8062,118.3772
2017-11-10,77.42051,4.296054,61.32244,154.44016,35.070587,28.774618,38.11744,78.1092,159.0303,16.034174,31.672333,95.751015,38.11744,41.079292,18.551233,85.86514,205.45268,38.34011,222.48691,246.10475,199.30177,9.3613615,51.313362,59.03853,27.58287,147.62288,149.81352,121.47871,105.907005,2457.742,22014.805,6009.8213,12170.036,1477.2485,1046.7719,118.380875
2017-11-13,77.22584,4.2836075,61.56899,154.70648,35.21551,28.761194,38.180313,78.38653,159.22552,16.084118,31.678131,95.79431,38.180313,41.103184,18.535913,85.59768,205.18906,38.289413,222.6391,246.1441,199.22281,9.324539,51.26302,58.93521,27.624636,147.32657,150.79254,121.69775,105.93817,2459.9055,22042.328,6014.215,12161.444,1472.1263,1044.9087,118.38915
2017-11-14,76.9723,4.240728,61.84329,153.81488,35.343163,28.759794,38.278397,78.53879,159.53708,16.121714,31.683064,95.87585,38.278397,41.118313,18.530212,85.40697,204.98001,38.215305,222.99266,246.27228,199.32474,9.325245,51.24271,58.682335,27.67681,147.07515,151.55978,121.94028,105.99601,2463.516,22064.537,6018.004,12154.05,1467.5594,1041.9701,118.44908
2017-11-15,76.753944,4.1755886,62.088867,151.92659,35.398098,28.7901,38.362267,78.708534,159.90923,16.138145,31.691332,95.954575,38.362267,41.092335,18.514072,84.9091,204.26765,38.10753,223.4327,246.64883,199.18661,9.315658,51.301712,58.14144,27.747238,146.88509,152.0746,122.07936,105.951675,2464.7268,22079.602,6019.5454,12134.025,1463.0194,1038.7959,118.51228
2017-11-17,76.402115,4.103043,62.164707,150.18031,35.388107,28.812727,38.407597,78.76918,160.28043,16.155695,31.664234,96.02129,38.407597,40.99102,18.509007,84.53048,203.69556,37.964745,223.62044,247.00009,198.95909,9.302178,51.40467,57.46535,27.786839,146.65768,152.45403,121.96354,105.8088,2459.0908,22085.64,6015.564,12087.4795,1458.6456,1035.0085,118.48465
2017-11-20,76.04099,4.095705,62.232956,148.75485,35.409546,28.873682,38.33388,79.719696,160.5399,16.19415,31.678133,96.215576,38.33388,40.89693,18.524807,84.060135,203.5414,37.90588,223.40346,247.35216,198.7264,9.30546,51.52363,57.158215,27.836124,146.43044,152.80128,122.074036,105.66018,2464.462,22090.428,6022.839,12132.182,1456.7858,1032.9475,118.47477
2017-11-21,75.88575,4.091546,62.263985,147.42834,35.377686,28.913317,38.265606,80.43207,161.12465,16.22463,31.66404,96.34869,38.265606,40.806427,18.541868,83.89592,203.63766,37.91006,223.60869,247.58943,199.0871,9.327077,51.635807,56.990856,27.841257,146.45683,152.94539,122.26931,105.47465,2467.1597,22094.467,6028.695,12147.337,1457.2552,1032.3604,118.35598
2017-11-22,76.130394,4.1076164,62.397285,146.33513,35.444786,29.006296,38.220154,80.92994,161.67776,16.239382,31.67421,96.5345,38.220154,40.80335,18.571129,83.69953,203.96387,37.971535,224.00053,248.16911,199.54727,9.351225,51.865437,57.01056,27.859144,146.49744,153.19667,122.695015,105.432274,2475.6912,22107.795,6042.3696,12203.523,1459.6298,1033.1854,118.35122
2017-11-24,76.157974,4.1141443,62.59523,145.66078,35.532566,29.05713,38.183434,81.46001,162.14203,16.270638,31.676094,96.64108,38.183434,40.79087,18.57678,83.28163,203.77301,37.998096,223.8128,248.82507,199.60574,9.355503,52.005745,57.060787,27.858902,146.68152,153.49178,122.90632,105.223305,2475.1326,22115.64,6047.463,12217.806,1462.8824,1033.1466,118.238014
2017-11-27,76.22542,4.130033,63.043503,145.31868,35.620438,29.105354,38.172462,81.9211,162.36032,16.28598,31.694906,96.745125,38.172462,40.873867,18.57254,82.88867,203.63332,38.029095,223.83731,249.3324,199.8345,9.361739,52.132545,57.164074,27.874895,146.67317,153.84433,123.23097,105.19421,2477.728,22126.514,6055.309,12241.269,1464.2408,1033.8794,117.99394
2017-11-28,76.36856,4.1206484,63.52614,144.98439,35.639782,29.123306,38.155224,82.306114,162.68097,16.292198,31.6919,96.820885,38.155224,40.926826,18.559202,82.45341,203.18208,38.02804,223.82869,249.85896,199.9887,9.364811,52.170036,57.10841,27.889904,146.63171,154.21721,123.454895,105.13852,2476.1309,22134.766,6059.2017,12227.062,1464.9847,1033.4695,117.83616
2017-11-29,76.65737,4.0444975,64.09113,145.02554,35.641266,29.226385,38.12023,82.62769,163.2745,16.328585,31.717794,96.951,38.12023,41.025867,18.602333,82.931725,203.95824,38.126972,224.35681,250.50519,200.58469,9.396149,52.401318,57.19969,27.935875,146.59245,154.50488,123.81438,105.22421,2485.5906,22152.498,6073.3955,12270.482,1467.6075,1034.782,117.72305
2017-11-30,76.320854,3.9149246,64.45528,145.13419,35.5688,29.417685,38.111988,82.98229,163.99875,16.402578,31.766056,96.982506,38.111988,41.03053,18.682116,83.828026,205.07979,38.273342,224.93604,251.1262,201.58739,9.483769,52.85221,57.222855,27.96184,146.55428,154.64334,124.02352,105.14657,2489.924,22174.564,6075.378,12279.371,1470.7455,1035.7838,117.78582
2017-12-01,76.40877,3.835753,64.88464,145.08208,35.579426,29.589827,38.161716,83.206894,164.98111,16.454262,31.847267,97.01981,38.161716,41.001328,18.762402,84.79192,207.36633,38.45114,225.55212,251.88571,203.07866,9.545786,53.47387,57.374886,28.008186,146.56448,155.04411,124.356544,105.12185,2498.3345,22214.8,6092.0894,12316.854,1473.7781,1036.6838,117.97868
2017-12-04,76.44033,3.75559,65.13401,144.56412,35.576397,29.703478,38.271355,83.44978,166.14374,16.499619,31.909681,97.00172,38.271355,40.913654,18.819525,85.665955,209.56822,38.629536,225.40005,252.53856,203.76237,9.582707,53.981564,57.603344,28.046122,146.77106,155.53957,124.69072,105.19348,2498.7966,22258.625,6100.841,12307.86,1475.845,1035.848,118.12409
2017-12-05,75.43702,3.6290922,65.13492,144.07391,35.533066,29.7141,38.362934,83.60757,167.61925,16.57076,31.990402,97.05751,38.362934,40.834686,18.918503,87.02339,211.78113,38.856457,225.38086,252.99013,205.38687,9.6133375,54.72141,57.73895,28.095198,146.90672,155.68051,125.04218,105.177315,2501.2427,22305.025,6109.3643,12301.503,1477.1764,1036.8163,118.35562
2017-12-06,75.03755,3.5287514,65.1448,143.43701,35.509995,29.662632,38.405937,83.96934,168.94324,16.60048,32.103554,97.008224,38.405937,40.724174,18.983717,87.76552,212.63943,39.01635,225.06934,253.41837,206.35031,9.590161,55.248722,57.69822,28.127518,147.16768,155.68713,125.14754,105.13591,2497.6365,22344.014,6114.5215,12272.175,1477.9022,1037.2072,118.4323
2017-12-07,75.151245,3.4467316,65.1594,142.77913,35.480274,29.60324,38.45634,84.14797,170.13197,16.602848,32.183933,97.011215,38.45634,40.64967,19.033352,88.46383,212.50401,39.124233,225.20407,254.03983,207.41876,9.552608,55.586372,57.440495,28.139788,147.5531,155.79001,125.20979,105.1631,2494.7937,22375.229,6119.97,12255.372,1477.5583,1037.4407,118.46691
2017-12-08,75.214005,3.402433,65.22179,142.26724,35.496933,29.512993,38.48324,84.28527,171.05829,16.601082,32.236862,97.041534,38.48324,40.588173,19.092096,89.17934,213.36899,39.262688,225.53598,254.55942,208.41942,9.548096,56.069107,57.3081,28.145403,147.87321,155.92995,125.3848,105.08756,2496.9438,22413.543,6129.4805,12277.02,1478.2493,1038.0774,118.528305
2017-12-11,75.706635,3.3628783,65.308525,141.95673,35.542282,29.49366,38.48947,84.18807,172.00928,16.619858,32.28072,97.07959,38.48947,40.605103,19.168356,90.22112,214.69237,39.42221,226.13777,255.24326,209.75505,9.568564,56.5782,57.453342,28.157463,148.06381,156.11575,125.70551,105.15591,2503.693,22451.48,6139.988,12320.666,1479.1072,1039.146,118.74471
2017-12-12,76.361885,3.352623,65.43248,141.69948,35.65215,29.574415,38.49218,84.19957,172.80167,16.640434,32.322296,97.05317,38.49218,40.61148,19.217175,90.99098,215.59644,39.551094,226.65288,255.89207,210.57822,9.577666,57.010597,57.688175,28.156464,148.30655,156.33679,126.026146,105.23547,2506.6272,22490.146,6150.42,12331.725,1479.8809,1039.571,118.990234
2017-12-13,76.95296,3.343161,65.39421,141.77954,35.709427,29.688442,38.495075,84.16633,173.43665,16.71551,32.381054,97.08786,38.495075,40.612507,19.296492,92.10911,218.28738,39.76173,227.34518,256.4573,211.86475,9.590989,57.336178,57.845398,28.148998,148.40886,156.52719,126.413956,105.43228,2509.9302,22528.35,6158.2285,12354.238,1479.4977,1041.2587,119.25562
2017-12-14,77.32052,3.3648834,65.309364,141.72891,35.784058,29.769035,38.539165,84.37456,174.0426,16.774744,32.434658,97.10324,38.539165,40.674408,19.334188,92.55051,219.03816,39.899815,227.73885,257.4342,212.95744,9.596245,57.642128,57.83806,28.142744,148.43544,156.86476,126.7801,105.61331,2507.8098,22563.78,6161.754,12364.557,1478.817,1041.29,119.34
2017-12-15,77.37178,3.3955855,65.263535,141.58453,35.84049,29.763273,38.60375,84.44471,174.29266,16.818237,32.45075,97.051254,38.60375,40.656647,19.34923,93.042725,219.31296,39.97954,228.05777,257.9818,214.05624,9.565862,57.94609,57.63894,28.133617,148.5418,157.00471,126.84639,105.68774,2502.2195,22590.63,6160.4766,12330.511,1476.9987,1039.9828,119.2278
2017-12-18,77.9666,3.4148216,65.26285,141.75372,35.928936,29.916933,38.621334,84.41691,174.81776,16.876032,32.529865,97.23692,38.621334,40.70655,19.40989,94.080894,219.88762,40.100994,228.79727,258.87784,215.08904,9.572236,58.37258,57.49347,28.1525,148.61363,157.15364,127.269485,105.87577,2510.9624,22618.125,6174.159,12374.731,1476.6816,1040.4756,119.191376
2017-12-19,78.30019,3.518612,65.36317,142.00931,36.107147,30.02351,38.649395,84.5776,175.1059,16.937416,32.600418,97.37293,38.649395,40.788662,19.492077,94.77703,221.3778,40.22655,228.91727,259.68744,215.95062,9.602839,58.853985,57.707623,28.163982,148.74013,157.23164,127.6912,105.91609,2520.4077,22647.818,6185.303,12445.323,1478.6547,1042.68,119.22309
2017-12-20,78.35712,3.6073089,65.39959,142.07669,36.141827,29.995802,38.69443,84.942345,175.29501,16.967577,32.6076,97.349365,38.69443,40.755966,19.542654,95.0559,221.23318,40.293728,228.73949,259.8423,216.93306,9.630179,59.245888,57.950893,28.128025,148.93883,156.98247,127.56504,105.864586,2518.0525,22666.982,6190.168,12434.971,1480.4259,1043.3654,119.20485
2017-12-21,78.31551,3.707582,65.30702,141.9577,36.144363,29.901798,38.714134,85.20893,174.91753,17.011127,32.605698,97.288864,38.714134,40.687176,19.578535,95.18258,220.7086,40.319748,228.32745,259.75644,217.5301,9.659859,59.454456,58.27083,28.084208,148.88165,156.70042,127.17212,105.77338,2514.6313,22679.29,6194.1636,12445.9,1481.6473,1042.7125,119.195595
2017-12-22,78.22847,3.7879248,65.27375,141.89754,36.142708,29.817516,38.69238,85.277626,174.50043,17.055412,32.604595,97.21694,38.69238,40.618774,19.619335,95.78314,221.71707,40.37677,227.70969,259.7097,217.92564,9.668265,59.615726,58.847656,28.040218,148.78368,156.50038,126.91862,105.73411,2514.171,22686.938,6198.1465,12471.648,1483.4377,1042.8489,119.19065
2017-12-27,77.978485,3.8177814,65.274574,141.8685,36.164223,29.739666,38.71939,85.33326,173.92003,17.081505,32.63457,97.12604,38.71939,40.599854,19.655376,95.98386,221.60968,40.4,227.2216,259.66983,218.25398,9.664589,59.74637,59.22053,27.998074,148.5883,156.4585,126.86366,105.713554,2515.2673,22693.21,6199.873,12484.427,1484.7961,1041.9453,119.139824
2017-12-28,77.91156,3.836596,65.33002,141.92943,36.13588,29.724926,38.70361,85.52836,173.31882,17.113699,32.694065,97.09306,38.70361,40.613827,19.686201,96.160484,220.7981,40.42126,227.06339,260.2112,218.63834,9.644756,59.90834,59.45195,27.998491,148.4358,156.5041,127.04934,105.8708,2516.2148,22702.41,6200.36,12507.171,1486.0487,1041.625,119.04064
2017-12-29,77.811905,3.8450866,65.36262,142.04118,36.144215,29.708473,38.72465,85.66055,172.58055,17.144602,32.73572,97.14143,38.72465,40.646317,19.72186,96.60216,220.3784,40.455597,227.20204,260.68576,219.06097,9.641888,60.05046,59.59797,27.990221,148.28174,156.69012,127.32048,105.9559,2520.6995,22726.717,6201.9126,12529.314,1487.6887,1041.0459,119.008316
2018-01-02,77.680046,3.8257055,65.25979,142.14449,36.122623,29.660612,38.75217,85.73005,172.02763,17.158451,32.76512,97.14055,38.75217,40.666042,19.73217,96.6108,219.44453,40.451057,227.05629,261.10577,219.16893,9.620856,60.11455,59.591312,27.977468,148.07431,156.83545,127.425,105.97148,2516.9348,22738.809,6197.1245,12504.807,1487.4912,1039.5898,118.862404
2018-01-03,77.95809,3.927054,65.16949,142.81923,36.17845,29.682728,38.715252,85.89998,171.18712,17.158518,32.781376,97.260605,38.715252,40.67086,19.75883,96.97966,219.30653,40.453102,226.46022,261.21924,219.11928,9.638036,60.21862,60.027157,27.956764,148.14044,156.98772,127.45361,105.96928,2521.175,22757.258,6206.095,12563.49,1490.0378,1038.6581,118.74075
2018-01-04,78.240326,4.0516715,65.32582,143.81725,36.22726,29.741125,38.71433,86.04625,170.53001,17.115356,32.84877,97.304726,38.71433,40.675686,19.77909,97.42159,218.84161,40.47884,226.49075,261.3333,219.46977,9.673401,60.155212,60.617218,27.89412,148.18744,157.17131,127.56211,106.06379,2526.7979,22769.74,6213.6035,12596.4795,1492.8269,1039.141,118.5578
2018-01-05,78.73614,4.207878,65.45462,145.16194,36.243683,29.78443,38.710888,86.30389,170.0009,17.097082,32.873203,97.31745,38.710888,40.691185,19.795568,97.854195,219.68109,40.56536,226.12889,261.64478,219.51062,9.744787,60.016537,61.39787,27.848764,148.29214,157.28584,127.51332,106.02626,2529.9233,22786.969,6221.042,12651.553,1496.9203,1041.8596,118.48578
2018-01-08,79.335365,4.3265705,65.8376,146.44305,36.30867,29.857624,38.77025,86.4475,169.32817,17.087187,32.932873,97.28568,38.77025,40.755806,19.82341,98.26321,220.21538,40.66507,226.07785,262.16354,221.00272,9.838511,59.83319,62.08266,27.792507,148.18266,157.64902,127.632286,106.152435,2537.6045,22811.377,6235.321,12711.457,1501.2532,1045.738,118.4733
2018-01-09,79.61574,4.425569,66.33149,147.25601,36.312565,29.856058,38.773094,86.7393,168.83212,17.084883,33.016247,97.27647,38.773094,40.82058,19.845943,98.865326,219.57553,40.74581,226.07796,262.79047,222.57971,9.896822,59.612476,62.660767,27.761911,148.02353,158.04893,127.98412,106.2162,2542.486,22836.918,6247.922,12737.771,1504.9343,1049.8508,118.59045
2018-01-10,79.80449,4.465873,66.828316,148.0902,36.305336,29.865494,38.805115,86.871994,168.28925,17.084953,33.055916,97.2342,38.805115,40.78599,19.873253,99.48581,220.03937,40.84118,226.14941,263.3074,224.4292,9.928074,59.144657,63.065056,27.718252,147.96152,158.3176,128.12166,106.3408,2546.7117,22865.463,6263.4126,12751.015,1507.7194,1054.7264,118.77941
2018-01-11,79.829956,4.5213,67.23798,149.01727,36.26428,29.869694,38.867054,87.00189,167.662,17.04905,33.078194,97.066,38.867054,40.649822,19.89927,100.248024,220.52026,40.95716,225.85165,263.7839,226.0682,9.938129,58.72081,63.3804,27.655716,147.85162,158.49573,127.727196,106.35238,2544.1436,22887.916,6270.36,12743.871,1509.1189,1057.3881,118.78322
2018-01-12,79.97692,4.5857882,67.78409,149.89331,36.235607,29.92647,38.82522,87.11897,167.1843,17.01727,33.124157,97.01993,38.82522,40.54846,19.929298,101.05571,221.02084,41.127563,225.64441,264.6277,228.18565,9.969119,58.564262,63.795193,27.61933,147.805,158.65839,127.638916,106.433784,2547.649,22910.28,6285.294,12803.89,1513.034,1060.1348,118.63634
2018-01-16,80.58499,4.662392,68.50611,150.4038,36.238102,29.94474,38.861507,87.30171,166.83932,17.01071,33.193897,96.94971,38.861507,40.47845,19.975492,102.334724,222.27678,41.389297,225.51811,265.62845,230.76387,10.007529,58.507904,64.33427,27.559532,147.60753,158.89037,127.634766,106.4816,2550.8333,22937.248,6303.543,12861.774,1518.0356,1062.8027,118.43408
2018-01-17,80.482,4.727494,69.10574,150.20802,36.201756,29.94737,38.933907,87.467964,166.45996,16.990633,33.24056,96.79642,38.933907,40.448402,20.006027,103.025475,222.886,41.57151,225.10152,266.3313,233.04214,10.001165,58.43637,64.61959,27.505724,147.31758,159.08907,127.66237,106.617775,2545.5464,22955.09,6306.155,12842.665,1521.3641,1064.3517,117.968285
2018-01-18,80.873604,4.786572,69.63609,149.4752,36.238136,30.063717,38.996124,87.79558,166.11151,16.98107,33.31853,96.80342,38.996124,40.520096,20.041218,104.333984,222.35461,41.841766,225.41942,267.25497,236.55373,9.845227,58.531937,64.86149,27.496897,147.12096,159.46756,128.08421,106.81114,2556.007,22992.363,6327.734,12901.17,1525.5416,1066.5719,117.5921
2018-01-19,81.11096,4.843609,70.10007,148.25667,36.257885,30.115585,39.05102,88.38843,165.85857,16.988401,33.35954,96.70888,39.05102,40.5308,20.063025,105.443146,221.16644,42.092003,225.29764,267.91833,238.8057,9.693608,58.417805,64.85196,27.454193,147.0087,159.71985,128.00496,106.768745,2554.81,23020.336,6337.7007,12870.458,1528.5902,1068.1495,117.417496
2018-01-22,81.182144,4.911406,70.46558,146.9005,36.281036,30.141922,39.14931,88.78253,165.6456,16.997631,33.42681,96.73862,39.14931,40.64762,20.11184,106.46849,222.1309,42.485783,225.38275,268.68503,239.82455,9.583421,58.348904,64.914635,27.44046,146.85712,160.24431,128.3734,106.90541,2562.8147,23055.262,6358.254,12931.072,1532.2153,1071.2484,117.29314
2018-01-23,81.681114,4.9790726,71.07441,145.73128,36.35157,30.165657,39.31682,89.26621,165.4518,17.042225,33.51748,96.754074,39.31682,40.792686,20.179085,108.054886,224.51883,42.858006,225.63669,269.37747,241.85501,9.516519,58.319668,65.409256,27.420431,146.78125,161.0157,128.83992,107.12593,2573.1763,23104.621,6378.6113,12977.892,1536.3942,1073.9698,117.132706
2018-01-24,81.99988,5.0334606,71.74071,145.24936,36.415573,30.175875,39.42754,89.65137,165.3406,17.051495,33.63042,96.881165,39.42754,40.962555,20.246166,109.07824,225.62593,43.166264,225.73376,270.43866,243.08502,9.464437,58.353626,65.71515,27.44498,146.65674,162.01784,129.56682,106.87498,2578.3962,23152.586,6397.096,13001.07,1539.8774,1076.0381,117.02843
2018-01-25,82.212555,5.067485,72.11363,144.65894,36.41763,30.167109,39.574497,90.13694,165.1944,17.05106,33.65922,97.04673,39.574497,41.1164,20.304897,110.59943,227.73457,43.457626,225.35767,271.2944,243.9014,9.444623,58.00767,65.8455,27.429846,146.62488,162.90692,130.13481,106.73181,2577.6794,23203.02,6406.315,13011.714,1542.586,1076.0217,116.82299
2018-01-26,82.33895,5.0437694,72.743065,143.91551,36.373096,30.214666,39.63775,90.62,165.26149,17.064528,33.71878,97.11018,39.63775,41.1665,20.333706,111.74758,229.10681,43.628326,226.56096,272.31796,245.8127,9.356565,57.466267,65.68786,27.438786,146.49095,163.64732,130.60239,106.71981,2575.0225,23244.002,6411.696,12982.477,1545.2332,1075.5045,116.49414
2018-01-29,83.259476,5.1035743,73.30978,143.45897,36.371853,30.610203,39.80925,91.22518,165.11688,17.09744,33.743618,97.24277,39.80925,41.195515,20.37964,113.43134,230.88141,43.865482,228.2433,273.37094,246.22726,9.313905,56.958843,65.756454,27.443296,146.66159,164.56215,131.00186,106.661705,2582.6313,23297.719,6431.882,13052.961,1548.9541,1076.1655,116.398125
2018-01-30,83.6629,5.1753116,73.97082,143.06918,36.246136,30.828024,39.887726,92.046646,165.33894,17.087639,33.74564,97.192245,39.887726,41.069023,20.392012,114.75333,232.15663,44.016598,230.0954,274.3856,246.74666,9.238439,56.427345,65.506424,27.391651,146.6698,165.00687,130.89662,106.463005,2573.9417,23312.895,6429.8735,12969.315,1548.9124,1075.7815,116.17267
2018-01-31,83.004265,5.206799,74.60189,142.31363,36.07803,30.715626,39.916084,92.424835,165.46777,17.080957,33.713223,97.06921,39.916084,40.92872,20.365776,115.603355,230.99782,44.053383,231.57101,274.95978,246.82039,9.165892,55.87993,64.95757,27.369425,146.50482,165.14331,130.43375,106.28655,2560.0857,23316.123,6426.4873,12890.266,1546.5209,1073.6597,115.92989
